,momfinal,pricemafinal,vixfinal,compound,googlefinal,gfi,buy,sell
2018-05-01 00:00:00,0.5989792913112973,1.0,0.29426284173547446,0.0,0.8107235473520946,54.07931360797733,False,False
2018-05-01 01:00:00,0.49166450281548746,1.0,0.657116011529079,0.0,0.6669440960395486,56.3144922076823,False,False
2018-05-01 02:00:00,0.698583825634861,1.0,0.31009463125225134,0.0,0.4158053695924031,48.48967652959031,False,False
2018-05-01 03:00:00,0.8456402545216877,1.0,0.26662835702916804,0.0,0.5031050242841317,52.30747271669974,False,False
2018-05-01 04:00:00,0.9850011062075816,1.0,0.1757853700960379,0.0,0.5489832426763365,54.19539437959913,False,False
2018-05-01 05:00:00,0.9975323270315619,1.0,0.08872101764351138,0.0,0.17287455485394332,45.18255799058034,False,False
2018-05-01 06:00:00,1.0,0.8569431748988525,0.30495521810751286,0.1126314242020079,0.0,45.49059634416747,False,False
2018-05-01 07:00:00,1.0,0.7419187727161859,0.27390027131768413,0.1532521836547409,0.0,43.38142455377222,False,False
2018-05-01 08:00:00,1.0,0.5694924759630655,0.37936819644658276,0.0,0.32867501834694157,45.5507138151318,False,False
2018-05-01 09:00:00,0.9397380716653044,0.4265842895584911,1.0,0.0,0.43980675772739286,56.12258237902377,False,False
2018-05-01 10:00:00,1.0,0.6800249413315819,0.31178993779299435,0.0,0.20127917847031518,43.86188115189783,False,False
2018-05-01 11:00:00,1.0,0.5486738457937936,0.42198207858939774,0.012424663387290018,0.0,39.66161175540962,False,False
2018-05-01 12:00:00,0.7852872309265452,0.6757437974011079,1.0,0.21024153642177096,0.0,53.42545129498848,False,False
2018-05-01 13:00:00,1.0,0.8770695748964503,0.3608634258576677,0.1922495267840749,0.0,48.60365055076386,False,False
2018-05-01 14:00:00,1.0,0.8425309337955257,0.0,0.28530360773945984,0.25660008899026504,47.688692610505015,False,False
2018-05-01 15:00:00,1.0,0.7630538805835545,0.0,0.1353508134823563,0.35630676688566837,45.094229219031575,False,False
2018-05-01 16:00:00,1.0,0.6583417576983097,0.0456125843367548,0.0,0.36104986921346544,41.3000842249706,False,False
2018-05-01 17:00:00,1.0,0.5402688919366224,0.0027940509374082675,0.0,0.5465087404787605,41.791433667055834,False,False
2018-05-01 18:00:00,1.0,0.4711908584808437,0.12333355008054057,0.0,0.695176397181233,45.79401611485235,False,False
2018-05-01 19:00:00,1.0,0.5602175755351659,0.0,0.10568806696305708,0.4760388661103991,42.83889017217244,False,False
2018-05-01 20:00:00,1.0,0.5355926639904611,0.0,0.17827229620620327,0.19806479846610295,38.238595173255355,False,False
2018-05-01 21:00:00,1.0,0.0,0.13334154687113592,0.10834732996368464,0.547217848756941,35.77813451183523,False,False
2018-05-01 22:00:00,1.0,0.018111483489157438,0.3632552180307245,0.0,0.40511436551097707,35.72962134061718,False,False
2018-05-01 23:00:00,1.0,0.30746270327427516,0.49630109023296054,0.08633933924051652,0.0,37.802062654955044,False,False
2018-05-02 00:00:00,1.0,0.07750987834809808,0.3238920917110146,0.4500678704014694,0.0,37.02939680921164,False,False
2018-05-02 01:00:00,1.0,0.7029699195266855,0.06724729182648431,0.4152053755734825,0.0,43.70845173853304,False,False
2018-05-02 02:00:00,0.4662434579881323,0.27769290785258344,0.0,0.17287023429579962,1.0,38.3361320027303,False,False
2018-05-02 03:00:00,1.0,0.6282129816153315,0.0,0.8976428946384983,0.38521176531980356,58.22135283147267,False,False
2018-05-02 04:00:00,1.0,0.0,0.057228887001406055,0.24769756897273892,0.04724227126680545,27.04337454481901,True,False
2018-05-02 05:00:00,1.0,0.0,0.4865038291232614,0.5493363966436092,0.7617522017774256,55.95184855088593,False,False
2018-05-02 06:00:00,0.5366818238344846,0.0,1.0,0.33071517634759423,0.9051797939198254,55.45153588203809,False,False
2018-05-02 07:00:00,0.35359037990799164,0.0,0.8131897150948696,0.10341189302309362,1.0,45.4038397605191,False,False
2018-05-02 08:00:00,0.24114483106599185,0.0,0.8390327416764941,0.4455334716478611,1.0,50.51422088780695,False,False
2018-05-02 09:00:00,0.09559492782692755,0.0,0.32625002981541595,0.1447840923061585,1.0,31.332580998970037,False,False
2018-05-02 10:00:00,0.0,0.21365946411517509,1.0,0.1147866710897978,0.3721807184996736,34.012537074092926,False,False
2018-05-02 11:00:00,0.0,0.2808682808984149,1.0,0.30652077822635515,0.3728272086959859,39.20432535641511,False,False
2018-05-02 12:00:00,0.0,0.2629226095858243,1.0,0.34037850946641013,0.648100620404466,45.02803478913401,False,False
2018-05-02 13:00:00,0.0,0.11545748674753431,0.18097071259050346,0.6075315122857461,1.0,38.07919423247568,False,False
2018-05-02 14:00:00,0.10677578021991492,0.46745678042059263,0.0,0.4675906969920087,1.0,40.83646515265033,False,False
2018-05-02 15:00:00,0.14293619834056998,1.0,0.0,0.6779889388839444,0.8592389131711867,53.60328100791401,False,False
2018-05-02 16:00:00,0.04090191702425173,1.0,0.0,0.13209833795606846,0.5894143308665489,35.24829171693739,False,False
2018-05-02 17:00:00,0.0,1.0,0.5909685281133914,0.07789228054156633,0.3681815762735083,40.74084769856932,False,False
2018-05-02 18:00:00,0.5730701152061041,0.8639960964399789,0.4655008849057763,0.0,1.0,58.05134193103718,False,False
2018-05-02 19:00:00,0.5368371510719333,0.3006060969888538,1.0,0.0,0.4423459650768345,45.59578426275244,False,False
2018-05-02 20:00:00,0.7955634365685189,1.0,0.7760659770211116,0.31959317229515627,0.0,57.82445171769574,False,False
2018-05-02 21:00:00,0.47094654271920544,1.0,0.0,0.09843047858136482,0.41366558520724395,39.66085213015628,False,False
2018-05-02 22:00:00,0.6866877244967188,1.0,0.0,0.19877889890035857,0.5421453119729469,48.55223870740048,False,False
2018-05-02 23:00:00,0.8019454399918616,1.0,0.0,0.050678252534223533,0.661338414956591,50.27924214965351,False,False
2018-05-03 00:00:00,1.0,0.8463943997760895,0.0,0.1493678500830762,0.05696591096960123,41.05456321657533,False,False
2018-05-03 01:00:00,1.0,0.7790269155068824,0.0066558800999110485,0.0,0.14325530245899856,38.57876196131584,False,False
2018-05-03 02:00:00,0.858712928879756,0.620281467243531,0.025633895937761702,0.0,1.0,50.092565841220974,False,False
2018-05-03 03:00:00,1.0,0.7741711797496639,0.09099497404458265,0.0,0.7640574819195896,52.58447271427672,False,False
2018-05-03 04:00:00,1.0,0.8104679261837618,0.6271783962792812,0.0,0.22787281087282346,53.310382666717324,False,False
2018-05-03 05:00:00,1.0,0.7099971980900358,0.7252402151511034,0.0,0.05985005596517665,49.90174938412631,False,False
2018-05-03 06:00:00,1.0,0.43999760905001933,0.5319014687499133,0.14185844178070192,0.0,42.27515039161269,False,False
2018-05-03 07:00:00,1.0,0.5247241877739719,0.5386886837349596,0.0,0.4016255806143765,49.30076904246615,False,False
2018-05-03 08:00:00,1.0,0.5316733735705407,0.6459244121664899,0.0,0.43050657122491703,52.162087139238956,False,False
2018-05-03 09:00:00,1.0,0.32656812979465266,0.6229886980907623,0.0,0.34405305114464846,45.872197580601274,False,False
2018-05-03 10:00:00,1.0,0.4626617938659795,0.8039170140866289,0.0,0.2548046228647726,50.42766861634762,False,False
2018-05-03 11:00:00,1.0,0.1387102637537131,0.49186489872265515,0.0,0.13375384120067274,35.28658007354082,False,False
2018-05-03 12:00:00,1.0,0.6742455875970785,0.0,0.31354909472217574,0.01610226926727643,40.077939031730615,False,False
2018-05-03 13:00:00,0.3895978342098371,0.500702302827642,1.0,0.019401676096874928,0.0,38.19403626268708,False,False
2018-05-03 14:00:00,0.36937424053833284,0.6315690379862676,1.0,0.0,0.13529970807087768,42.72485973190956,False,False
2018-05-03 15:00:00,0.7284396692512612,1.0,0.0,0.11633886569615093,0.20203401625142642,40.93625102397677,False,False
2018-05-03 16:00:00,0.7650680591887258,1.0,0.0,0.07007641474322443,0.024304821233464783,37.1889859033083,False,False
2018-05-03 17:00:00,0.5384053348286166,1.0,0.4492728064014728,0.0,0.4295488623872351,48.34454007234649,False,False
2018-05-03 18:00:00,0.6496091740906577,1.0,0.3791802109300376,0.0,0.7052973898353192,54.681735497120286,False,False
2018-05-03 19:00:00,0.7539681253873649,1.0,0.25016862060612816,0.0,0.5580220131693583,51.24317518325703,False,False
2018-05-03 20:00:00,0.9762636608289118,1.0,0.3773626666442477,0.0,0.7064590230719856,61.201707010902894,False,True
2018-05-03 21:00:00,0.9701862864635199,1.0,0.10310067415802167,0.0,0.8751007738193431,58.9677546888177,False,False
2018-05-03 22:00:00,1.0,0.8514693450138804,0.18354936485743065,0.0,0.715041614988453,55.00120649719528,False,False
2018-05-03 23:00:00,0.9791198935851114,1.0,0.3748892160069608,0.0,0.9121817467496902,65.32381712683527,False,True
2018-05-04 00:00:00,1.0,0.6326670663869413,0.9662140752911776,0.0,0.36080592224608543,59.19374127848409,False,False
2018-05-04 01:00:00,1.0,0.6537333115063362,0.7270136891891812,0.0,0.09857906873763846,49.586521388663115,False,False
2018-05-04 02:00:00,1.0,0.6715342091720883,0.4602589074553035,0.0,0.19456470600858375,46.52715645271951,False,False
2018-05-04 03:00:00,1.0,0.5869834899658491,0.2074731446603137,0.0,0.3180010432357031,42.24915355723732,False,False
2018-05-04 04:00:00,1.0,0.6758075874229975,0.0,0.33778638226379437,0.4030673420946385,48.33322623562861,False,False
2018-05-04 05:00:00,1.0,0.498689275098269,0.0,0.035620960553658695,0.14205914516071458,33.52738761625284,False,False
2018-05-04 06:00:00,1.0,0.6104177712748214,0.07202083529705898,0.247203110270117,0.0,38.59283433683995,False,False
2018-05-04 07:00:00,1.0,0.707940247076813,0.7561673463208372,0.1303022036548885,0.0,51.888195941050775,False,False
2018-05-04 08:00:00,1.0,0.8996508636093025,0.9774487308289638,0.23606206190769727,0.0,62.26323312691927,False,True
2018-05-04 09:00:00,0.8133575748947894,0.5257186447812331,1.0,0.035832277936836944,0.0,47.498169952257186,False,False
2018-05-04 10:00:00,1.0,0.7911014662571257,0.35094058691053526,0.29315647684435947,0.0,48.7039706002404,False,False
2018-05-04 11:00:00,1.0,0.6672353019266616,0.6804256107956825,0.32524703420079903,0.0,53.458158938462866,False,False
2018-05-04 12:00:00,1.0,0.839343775204099,0.0944033891447302,0.22175928849398463,0.0,43.11012905685628,False,False
2018-05-04 13:00:00,1.0,0.6680582223121679,0.0,0.010362586975020677,0.027268245026328387,34.113781086270336,False,False
2018-05-04 14:00:00,1.0,0.5090241838633267,0.0,0.3228271516817577,0.4269842123302879,45.176710957507446,False,False
2018-05-04 15:00:00,1.0,0.4565856124903735,0.0,0.27774708028865003,0.58964924858396,46.47963882725968,False,False
2018-05-04 16:00:00,1.0,0.35307477875289445,0.0,0.016087312040427876,0.5965835271138422,39.314912358143296,False,False
2018-05-04 17:00:00,1.0,0.3712157155216429,0.0,0.20057260355868334,0.7453063460725077,46.34189330305668,False,False
2018-05-04 18:00:00,0.6870761981162468,0.0,1.0,0.1332788793604407,0.35481121117013015,43.50332577293635,False,False
2018-05-04 19:00:00,0.5842046054028709,0.08010328070191945,1.0,0.0,0.08952060259742779,35.076569774044366,False,False
2018-05-04 20:00:00,0.6397075501657238,0.32068268699024377,1.0,0.3338227162951129,0.0,45.88425906902162,False,False
2018-05-04 21:00:00,1.0,0.5049117470519024,0.03826252296526191,0.0,0.025754914978638962,31.378583699916067,False,False
2018-05-04 22:00:00,1.0,0.49011413919812985,0.6319619191126412,0.22770457195183033,0.0,46.995612605252035,False,False
2018-05-04 23:00:00,0.8409940931851658,0.5361549099046202,1.0,0.15275240208107038,0.0,50.59802810341713,False,False
2018-05-05 00:00:00,1.0,0.8849840294109446,0.7246874134692873,0.6521964498809962,0.0,65.23735785522456,False,True
2018-05-05 01:00:00,0.9971708758833184,0.8003347487106108,1.0,0.6479177859545977,0.0,68.90846821097053,False,True
2018-05-05 02:00:00,0.6224043066897915,1.0,0.0,0.41511383855644707,0.14762509002735089,43.70286470547179,False,False
2018-05-05 03:00:00,0.6529576349489128,1.0,0.0,0.21602778252008034,0.2032588945777932,41.44488624093572,False,False
2018-05-05 04:00:00,0.7073893073714119,1.0,0.188866511994459,0.0,0.5599798773822887,49.1247139349632,False,False
2018-05-05 05:00:00,0.8735686640321906,1.0,0.5457629852581983,0.2082589395669644,0.0,52.55181177714707,False,False
2018-05-05 06:00:00,1.0,0.7586457274679096,0.5038472106177759,0.6928268099610564,0.0,59.106394960934836,False,False
2018-05-05 07:00:00,0.2956438079004284,0.09322614151579112,0.0,0.373857085280205,1.0,35.25454069392849,False,False
2018-05-05 08:00:00,0.0,0.22352476563501278,0.6059927671044191,,1.0,45.737938318485796,False,False
2018-05-05 09:00:00,0.37896388517681145,0.8029379323309902,0.4281627124877733,0.0,1.0,52.2012905999115,False,False
2018-05-05 10:00:00,0.3911515402023262,1.0,0.3512709123332678,0.027794219946308624,0.0,35.40433344963805,False,False
2018-05-05 11:00:00,0.6138034662362698,1.0,0.035370897843191466,0.0,0.29150584721516337,38.8136042258925,False,False
2018-05-05 12:00:00,0.3341783731049678,1.0,0.0,0.025081649011132343,0.1672498564646635,30.53019757161527,False,False
2018-05-05 13:00:00,0.47703596785335484,1.0,0.1688394723319867,0.08505062142249484,0.0,34.61852123215673,False,False
2018-05-05 14:00:00,0.5495626650764293,1.0,0.46201742470332335,0.13589032153254188,0.0,42.94940822624589,False,False
2018-05-05 15:00:00,0.6725509918719902,1.0,0.35473433232379453,0.0528029600804149,0.0,41.601765685523986,False,False
2018-05-05 16:00:00,1.0,0.7974631212246835,0.0,0.5434915840825377,0.5289823100002451,57.398740306149335,False,False
2018-05-05 17:00:00,1.0,0.7906761547140487,0.0,0.157885190065232,0.6202079498929166,51.37538589344395,False,False
2018-05-05 18:00:00,1.0,0.0,0.07309265878776368,0.21391187230702569,0.7717883008138867,41.17585663817353,False,False
2018-05-05 19:00:00,0.9521884205133287,0.0,0.2491896877995054,0.07904447778016217,1.0,45.60845172185992,False,False
2018-05-05 20:00:00,0.47209573177084396,1.0,0.0,0.30345411824969837,0.3257603805492592,42.026204611396025,False,False
2018-05-05 21:00:00,0.2685082083263345,1.0,0.0,0.4224748844224962,0.18952003725625585,37.61006260010173,False,False
2018-05-05 22:00:00,0.0,1.0,0.29875394074212963,0.6481820196223742,0.6367936492596294,51.67459219248267,False,False
2018-05-05 23:00:00,0.38095512188405384,1.0,0.0,0.5006596212227004,0.21557005515454117,41.9436959652259,False,False
2018-05-06 00:00:00,0.0,0.050073678286016846,1.0,0.004006268766713233,0.9738393135659554,40.55838521237371,False,False
2018-05-06 00:00:00,0.0,0.02910069807974798,0.5811575876956177,0.00232827349212336,1.0,32.25173118534978,False,False
2018-05-06 01:00:00,0.0675366420713557,0.14095627252662174,0.46380082731446964,0.0,1.0,33.44587483824894,False,False
2018-05-06 02:00:00,0.2887812088940528,0.0,0.4455425326198255,0.2337706559841034,1.0,39.36188794995964,False,False
2018-05-06 03:00:00,0.43679909748032414,0.0,0.17489029601664038,0.1776996009128799,1.0,35.787779888196894,False,False
2018-05-06 04:00:00,0.5930064995653417,0.17871290201606108,0.0,0.266688641705697,1.0,40.76816086574199,False,False
2018-05-06 05:00:00,0.6389316053105669,0.5691543455980206,0.0,0.023682406224133798,1.0,44.635367142654424,False,False
2018-05-06 06:00:00,0.7280113785522144,1.0,0.6761323900536185,0.0,0.3962820428516598,56.008516229149855,False,False
2018-05-06 07:00:00,1.0,0.7445892342635292,0.7999608982825873,0.0,0.9200273666929097,69.29154998478053,False,True
2018-05-06 08:00:00,1.0,0.8987858923281186,0.7743218720835273,0.0,0.7606125076692584,68.67440544161808,False,True
2018-05-06 09:00:00,1.0,0.8447276110361829,0.48035039598341134,0.0,0.6292702097191882,59.08696433477565,False,False
2018-05-06 10:00:00,1.0,0.6558486125587197,0.3115864295834579,0.0,0.6534789784162519,52.418280411168595,False,False
2018-05-06 11:00:00,1.0,0.7444036528716648,0.24004601447296955,0.0,0.618260644198688,52.05420623086645,False,False
2018-05-06 12:00:00,1.0,0.8175197608348124,0.09552105532271679,0.0,0.40709674356646225,46.40275119447983,False,False
2018-05-06 13:00:00,1.0,0.6185943509218995,0.34733516879963267,0.0,0.5928955076865716,51.176500548162075,False,False
2018-05-06 14:00:00,1.0,0.5946761288392356,0.3379609475105184,0.0,0.6009714063873633,50.67216965474234,False,False
2018-05-06 15:00:00,1.0,0.7298385682315904,0.044958463240352645,0.0,0.546983785874777,46.4356163469344,False,False
2018-05-06 16:00:00,1.0,0.5059894931758714,0.196138290875382,0.0,0.5084188345017454,44.21093237105997,False,False
2018-05-06 17:00:00,1.0,0.49106468775843787,0.0,0.14111081277463167,0.6508569334581586,45.66064867982457,False,False
2018-05-06 18:00:00,1.0,0.6543993290347313,0.02820739403374585,0.0,0.6689180411556237,47.030495284482015,False,False
2018-05-06 19:00:00,1.0,0.6855034462398919,0.0,0.16846435286631165,0.627489361682383,49.629143215771734,False,False
2018-05-06 20:00:00,1.0,0.7349972873658199,0.0,0.23783562175239323,0.513617798070206,49.72901414376838,False,False
2018-05-06 21:00:00,1.0,0.6290466929907219,0.11650020570150038,0.0,0.17323746916320065,38.375687357108454,False,False
2018-05-06 22:00:00,1.0,0.4882460516834882,0.0,0.23731042174111147,0.13147969120896802,37.14072329267136,False,False
2018-05-06 23:00:00,1.0,0.3151641505888484,0.10735116523611442,0.0,0.024533766011098586,28.940981636721226,True,False
2018-05-07 00:00:00,1.0,0.4442978962750563,0.4326852410306692,0.0,0.02035720591567279,37.94680686442796,False,False
2018-05-07 01:00:00,0.4779752285329026,0.5984473385780977,1.0,0.10537076281281868,0.0,43.63586659847638,False,False
2018-05-07 02:00:00,0.5334590491808819,0.5968012985543583,1.0,0.0,0.17994554566820636,46.204117868068934,False,False
2018-05-07 03:00:00,0.6685082097978384,0.7912433219087337,1.0,0.0,0.22804056025215222,53.75584183917448,False,False
2018-05-07 04:00:00,0.6623297635855362,0.5513005231464606,1.0,0.06784768325954643,0.0,45.62955939983085,False,False
2018-05-07 05:00:00,0.8362701496844889,0.7202657379452101,1.0,0.10445313665371772,0.0,53.21978048566833,False,False
2018-05-07 06:00:00,1.0,0.6761318430913216,0.8477124513463511,0.004502874595476566,0.0,50.56694338066298,False,False
2018-05-07 07:00:00,1.0,0.7480681467949357,0.6558860939233236,0.0,0.15084194611038756,51.095923736572935,False,False
2018-05-07 08:00:00,1.0,0.7495460393353091,0.46782454703891835,0.0,0.2203511475205809,48.754434677896164,False,False
2018-05-07 09:00:00,1.0,0.770450471462207,0.32071305237566194,0.0,0.5081504407205941,51.986279291169254,False,False
2018-05-07 10:00:00,1.0,0.8033372483539988,0.6975603574645688,0.022432038475837815,0.0,50.466592885888105,False,False
2018-05-07 11:00:00,1.0,0.7033938452139654,0.9987541753554025,0.0,0.22488787886941344,58.540717988775626,False,False
2018-05-07 12:00:00,1.0,0.7113646258218094,0.5252103198754156,0.20283985529289306,0.0,48.78829601980236,False,False
2018-05-07 13:00:00,1.0,0.8277683531740108,0.3385135642879257,0.2770287077752344,0.0,48.866212504743416,False,False
2018-05-07 14:00:00,1.0,0.7854763901613028,0.5982173917927452,0.0,0.0070378442989298155,47.814632525059565,False,False
2018-05-07 15:00:00,1.0,0.66628843631254,0.7753208932303705,0.15361254678882152,0.0,51.90443752663464,False,False
2018-05-07 16:00:00,1.0,0.4207831825273016,0.7426620876681299,0.0,0.026009179505641418,43.78908899402146,False,False
2018-05-07 17:00:00,1.0,0.4688603098058937,0.8482618879512955,0.012454627598782447,0.0,46.59153650711943,False,False
2018-05-07 18:00:00,1.0,0.440902082883435,0.7469381099285209,0.0,0.23123211348220718,48.381446125883265,False,False
2018-05-07 19:00:00,1.0,0.0,0.3329714464751854,0.04178112188657111,0.9237956681866609,45.97096473096835,False,False
2018-05-07 20:00:00,0.6526964639453254,0.0,0.12812123848363077,0.004352167061939964,1.0,35.70339738981792,False,False
2018-05-07 21:00:00,0.4427069580685986,0.0,0.23582349980931216,0.1390033500733114,1.0,36.350676159024445,False,False
2018-05-07 22:00:00,0.7119394373363657,0.6606217175570042,0.0,0.3425355157201689,1.0,54.30193341227078,False,False
2018-05-07 23:00:00,1.0,0.8310630378931583,0.0,0.2925843123117261,0.6941595116266046,56.35613723662978,False,False
2018-05-08 00:00:00,0.9663231816229421,0.5370581660936397,0.0,0.5325340684372866,1.0,60.718308323077366,False,True
2018-05-08 01:00:00,1.0,0.30557713621081906,0.0,0.26999542155166545,0.737563566819812,46.26272249164593,False,False
2018-05-08 02:00:00,1.0,0.0,0.0036518416578007118,0.37171407380515387,0.6574940766990728,40.65719984324055,False,False
2018-05-08 03:00:00,0.9909983828571874,0.041902674987873555,0.0,0.09283845085651597,1.0,42.51479017403154,False,False
2018-05-08 04:00:00,0.680059197032772,0.043219022227839236,0.0,0.21480809431446019,1.0,38.76172627150143,False,False
2018-05-08 05:00:00,0.5611968213063966,0.41673373634021665,1.0,0.0,0.30767245955438194,45.7120603440199,False,False
2018-05-08 06:00:00,0.5726587443273142,0.582526193540182,1.0,0.47760344408438127,0.0,52.655767639037556,False,False
2018-05-08 07:00:00,0.285120381854805,0.41405888873552876,1.0,0.22547579469814294,0.0,38.493101305769535,False,False
2018-05-08 08:00:00,0.5859663082502994,0.5049024432717061,0.0,0.4870907438344346,1.0,51.5591899071288,False,False
2018-05-08 09:00:00,0.3252994801865271,1.0,0.0,0.08270236897769527,0.4385313098162235,36.93066317960893,False,False
2018-05-08 10:00:00,0.40718999474987816,1.0,0.5626172603063925,0.0,0.08857142104434182,41.167573522012255,False,False
2018-05-08 11:00:00,0.36403338335889657,1.0,0.48504015650009064,0.20272073985246095,0.0,41.035885594228965,False,False
2018-05-08 12:00:00,0.27523885528688774,1.0,0.34487837617208034,0.053757631323936655,0.0,33.4774972556581,False,False
2018-05-08 13:00:00,0.48815268889512803,1.0,0.22457595726586282,0.23230813818718507,0.0,38.900735686963515,False,False
2018-05-08 14:00:00,0.6390468845118246,1.0,0.0,0.2854159996752873,0.16061556414729922,41.70156896668822,False,False
2018-05-08 15:00:00,0.5647186573377527,1.0,0.060358117199443735,0.12177253219871778,0.0,34.93698613471828,False,False
2018-05-08 16:00:00,0.7465494362588503,1.0,0.0,0.16444251862016668,0.05014745944581406,39.222788286496616,False,False
2018-05-08 17:00:00,0.8763875570825057,1.0,0.0,0.04970079049415512,0.08511851808036966,40.22413731314061,False,False
2018-05-08 18:00:00,1.0,0.8145447265298263,0.0,0.2183509683857946,0.17795600487393035,44.21703399579102,False,False
2018-05-08 19:00:00,1.0,0.5848867061780351,0.0,0.22213139838795773,0.20920743531290117,40.32451079757788,False,False
2018-05-08 20:00:00,1.0,0.7413320420419978,0.5175238903720336,0.3282285435232983,0.0,51.74168951874659,False,False
2018-05-08 21:00:00,1.0,0.6656111805927025,0.0,0.10449370338988881,0.04715241316789786,36.34514594300978,False,False
2018-05-08 22:00:00,1.0,0.4108219626188647,0.4077013149172328,0.2630850545074228,0.0,41.6321666408704,False,False
2018-05-08 23:00:00,1.0,0.42058969978602057,0.9322116507418681,0.29972434783459295,0.0,53.050513967249636,False,False
2018-05-09 00:00:00,0.9103031276848808,0.8637056997532633,0.0,0.456148000769178,1.0,64.60313656414644,False,True
2018-05-09 01:00:00,1.0,0.7567517736070085,0.0,0.2897315484805324,0.2144979857144178,45.21962615603917,False,False
2018-05-09 02:00:00,1.0,0.9089165765998819,0.0,0.39486095888818856,0.17286813907694093,49.53291349130023,False,False
2018-05-09 03:00:00,0.8899485787331598,0.9875199837791128,0.0,0.21202107035422213,1.0,61.78979265732989,False,True
2018-05-09 04:00:00,0.984591448979558,1.0,0.0,0.2815458702218747,0.6445932985857952,58.21461235574456,False,False
2018-05-09 05:00:00,1.0,0.6688467141892904,0.0,0.01252528064574517,0.04032971147889442,34.434034126278604,False,False
2018-05-09 06:00:00,1.0,0.7218886595374462,0.0,0.20158548082851965,0.5331380311054955,49.132243429429224,False,False
2018-05-09 07:00:00,1.0,0.5988727514539572,0.0,0.2876003566931658,0.8671824167594326,55.073110498131115,False,False
2018-05-09 08:00:00,0.9914979413066934,0.46259694002619417,0.0,0.25339142881572846,1.0,54.14972620297232,False,False
2018-05-09 09:00:00,0.7476380144308377,0.15086934455361037,0.1293074188295942,0.0,1.0,40.556295556280844,False,False
2018-05-09 10:00:00,1.0,0.06901972440933524,0.4045707955634582,0.0,0.8752017956882405,46.97584631322068,False,False
2018-05-09 11:00:00,0.7267375995230518,0.0050813005084753326,0.0,0.1885549253434103,1.0,38.40747650749875,False,False
2018-05-09 12:00:00,0.6713772639325413,0.4206304444403961,0.0,0.2858447095411035,1.0,47.55704835828082,False,False
2018-05-09 13:00:00,0.49602587946892257,0.4722436880957293,0.0,0.44750939539646634,1.0,48.31557925922237,False,False
2018-05-09 14:00:00,0.0,0.2829909149491777,0.04847332901200971,0.09068243674091982,1.0,28.442933614042143,True,False
2018-05-09 15:00:00,0.0,0.6816640253516886,0.5040445223649379,0.3671673661553428,1.0,51.057518277439385,False,False
2018-05-09 16:00:00,0.0,1.0,0.8240489385812453,0.5956045597087232,0.26581800099171016,53.70942998563357,False,False
2018-05-09 17:00:00,0.0,1.0,0.4944478595248317,0.21321529312602308,0.7852800374090143,49.85886380119739,False,False
2018-05-09 18:00:00,0.0,0.8263914578036979,0.2192216264432616,0.06518946368308384,1.0,42.21605095860087,False,False
2018-05-09 19:00:00,0.6727979822368079,0.7391163167972474,0.0,0.5236325281200138,1.0,58.71093654308138,False,False
2018-05-09 20:00:00,0.9069205673784616,1.0,0.0,0.5409518011907029,0.20181860832793364,52.99381953794195,False,False
2018-05-09 21:00:00,1.0,0.4686224279112037,0.0,0.7984792807338363,0.08116644332584899,46.965363039417774,False,False
2018-05-09 22:00:00,0.25747479727375994,0.3707839140879419,1.0,0.031356222636723004,0.0,33.192298679968495,False,False
2018-05-09 23:00:00,0.6022817343532597,0.499883881225477,1.0,0.2700430537713721,0.0,47.444173387002174,False,False
2018-05-10 00:00:00,0.9346362354941412,1.0,0.2880333085054719,0.4124979004083312,0.0,52.703348888158885,False,False
2018-05-10 01:00:00,1.0,0.902503338040318,0.3001201784139734,0.42620499319199834,0.0,52.576570192925786,False,False
2018-05-10 02:00:00,1.0,0.6774487035916844,0.0141311977943997,0.25883350562101054,0.0,39.008268140141894,False,False
2018-05-10 03:00:00,1.0,0.7042477461341005,0.0,0.37836955182669973,0.25268082536518877,46.70596246651978,False,False
2018-05-10 04:00:00,1.0,0.7677160391955503,0.025354931617016668,0.35537296996231327,0.0,42.96887881549761,False,False
2018-05-10 05:00:00,1.0,0.7447224014181494,0.0,0.287777008242161,0.4036087232434467,48.722162658075135,False,False
2018-05-10 06:00:00,1.0,0.5992798210057185,0.0,0.30360920572171574,0.638920702433837,50.836194583225435,False,False
2018-05-10 07:00:00,1.0,0.5140398186261923,0.0,0.14064243590285633,0.9118403122917519,51.330451336416004,False,False
2018-05-10 08:00:00,1.0,0.7804778199299695,0.0,0.33726511849484586,0.6573436319918702,55.50173140833371,False,False
2018-05-10 09:00:00,1.0,0.6244773015073137,0.3928088759412145,0.0,0.6096184758711325,52.53809306639321,False,False
2018-05-10 10:00:00,1.0,0.46829095777193913,0.4142192009847745,0.0,0.5027266149827163,47.70473547478859,False,False
2018-05-10 11:00:00,1.0,0.5837669278792937,0.5901879443449828,0.0,0.7151643676287885,57.782384797061304,False,False
2018-05-10 12:00:00,1.0,0.5020376562478207,0.36552315287818044,0.0,0.46791360609212995,46.70948830436262,False,False
2018-05-10 13:00:00,1.0,0.837901087904661,0.06579099410104551,0.0,0.32106521013312356,44.495145842776594,False,False
2018-05-10 14:00:00,1.0,0.6447485794855493,0.0,0.27686339747156186,0.4890668057366967,48.213575653876156,False,False
2018-05-10 15:00:00,1.0,0.6019886336008778,0.0,0.12822580486702373,0.40927444538134355,42.78977767698491,False,False
2018-05-10 16:00:00,1.0,0.6050875879425314,0.0,0.03606343825230591,0.08645954750236391,34.55221147394402,False,False
2018-05-10 17:00:00,0.5917315292108323,0.0,1.0,0.27577230953459947,0.2405017314429576,42.160111403767786,False,False
2018-05-10 18:00:00,0.42643235344682723,0.0,0.8342566133311313,0.12247062216369912,1.0,47.66319177883315,False,False
2018-05-10 19:00:00,0.1849011092345232,0.0,0.37439840281808673,0.06474900113940271,1.0,32.480970263840256,False,False
2018-05-10 20:00:00,0.31169021571525063,0.0,1.0,0.19498259742837631,0.7151444256152777,44.43634477517809,False,False
2018-05-10 21:00:00,0.4013120253661948,0.0,1.0,0.41508946055305507,0.7312821817297107,50.95367335297921,False,False
2018-05-10 22:00:00,0.0,0.18379585418156957,1.0,0.409938221760087,0.8125790167103734,48.126261853040596,False,False
2018-05-10 23:00:00,0.0,0.06336856987845191,0.46396008630178026,0.41071910690567304,1.0,38.7609552617181,False,False
2018-05-11 00:00:00,0.0,0.7847675349493543,0.7968050187740017,0.261505323890034,1.0,56.861557552267804,False,False
2018-05-11 01:00:00,0.0,0.8488389815854593,1.0,0.3558063039508772,0.5986936624252127,56.06677895923099,False,False
2018-05-11 02:00:00,0.0,1.0,0.7890172793953704,0.31418979568083083,0.5885224849586705,53.834591200697425,False,False
2018-05-11 03:00:00,0.0,1.0,0.11394390339504439,0.29091343690675187,0.4909837518537638,37.9168218431112,False,False
2018-05-11 04:00:00,0.4686322134918695,1.0,0.0,0.37749549107787406,0.48206809653295085,46.56391602205389,False,False
2018-05-11 05:00:00,0.7746357119428843,1.0,0.24651514624134602,0.42893867165014365,0.0,49.00179059668748,False,False
2018-05-11 06:00:00,0.9432003826671456,1.0,0.23776173909753706,0.4530897614521322,0.0,52.68103766433631,False,False
2018-05-11 07:00:00,0.36770489649394106,1.0,0.7971545170526357,0.0,0.7069414172368197,57.43601661566793,False,False
2018-05-11 08:00:00,0.6743437059518438,0.8190645552091392,1.0,0.0,0.17356759960058757,53.33951721523141,False,False
2018-05-11 09:00:00,0.8952667094908577,1.0,0.8361680324270185,0.0,0.4244946373442543,63.118587585242615,False,True
2018-05-11 10:00:00,1.0,0.8045950735694847,0.3704003444542897,0.0,0.07025674613383341,44.90504328315216,False,False
2018-05-11 11:00:00,1.0,0.7987776053344121,0.25272836144549027,0.0,0.3941407525323237,48.91293438624452,False,False
2018-05-11 12:00:00,0.8983320050079501,1.0,0.5461741171280182,0.0,0.8168157264523874,65.22643697176711,False,True
2018-05-11 13:00:00,1.0,0.878731301842624,0.32606052259034674,0.0,0.34219839046816314,50.93980429802267,False,False
2018-05-11 14:00:00,1.0,0.7275503547353322,0.2704118839167917,0.0,0.12592149718299286,42.47767471670233,False,False
2018-05-11 15:00:00,1.0,0.6137612850666774,0.3175185972722655,0.06536736300643953,0.0,39.93294490690765,False,False
2018-05-11 16:00:00,1.0,0.6547190540430633,0.0,0.18956185110052318,0.00811993563750744,37.04801681562188,False,False
2018-05-11 17:00:00,1.0,0.6603551495147957,0.3381608551037999,0.27745341229543946,0.0,45.519388338280706,False,False
2018-05-11 18:00:00,1.0,0.6538655517700435,0.6302334882375921,0.3465308230577433,0.0,52.612597261307585,False,False
2018-05-11 19:00:00,1.0,0.5424341344921294,0.4199940782473737,0.3087619435968876,0.0,45.42380312672781,False,False
2018-05-11 20:00:00,1.0,0.544542902883539,0.0,0.14211073395317875,0.21940406123075934,38.12115396134954,False,False
2018-05-11 21:00:00,1.0,0.9917108003276078,0.06854861554277446,0.0,0.7120991825573754,55.44717196855515,False,False
2018-05-11 22:00:00,1.0,0.7839262305633764,0.0,0.15087940375996012,0.2872467339661039,44.44104736578881,False,False
2018-05-11 23:00:00,1.0,0.738567191053956,0.0,0.13959372602315026,0.07334184440726213,39.03005522968737,False,False
2018-05-12 00:00:00,1.0,0.694915809817525,0.3656159484646744,0.386791037252117,0.0,48.946455910686325,False,False
2018-05-12 01:00:00,1.0,0.6715819587067794,0.06443508324616166,0.24630399906323544,0.0,39.646420820323534,False,False
2018-05-12 02:00:00,1.0,0.6457896929439394,0.0,0.3491508422351193,0.21533738048220072,44.20555831322518,False,False
2018-05-12 03:00:00,1.0,0.7266210785827807,0.0,0.3880242430002414,0.13981281249773528,45.08916268161515,False,False
2018-05-12 04:00:00,1.0,0.6359717435310526,0.12271788288177927,0.2281174271434219,0.0,39.736141071125076,False,False
2018-05-12 05:00:00,1.0,0.7595052206745796,0.6183939954849065,0.29810071605691235,0.0,53.51999864432797,False,False
2018-05-12 06:00:00,1.0,0.8898846072117514,0.7857222671434836,0.0,0.17159445259509598,56.94402653900662,False,False
2018-05-12 07:00:00,1.0,0.6833636295326712,0.6174327836831347,0.18807527875174357,0.0,49.77743383935099,False,False
2018-05-12 08:00:00,1.0,0.6814469383940861,0.7255353829368261,0.0,0.4441225021874214,57.02209647036668,False,False
2018-05-12 09:00:00,1.0,0.7652959066774225,0.5297096532239287,0.07753971702663456,0.0,47.45090553855972,False,False
2018-05-12 10:00:00,0.6153978157229909,0.0,1.0,0.2743347163011859,0.6991400212292771,51.77745106506908,False,False
2018-05-12 11:00:00,0.5949532085623757,0.0,1.0,0.2957677648566201,0.9157506007231538,56.129431482842996,False,False
2018-05-12 12:00:00,0.5473629894451694,0.0,1.0,0.29031465962294856,0.8552846465375598,53.85924591211355,False,False
2018-05-12 13:00:00,0.3731837983652256,0.0,0.8199144737819345,0.11668364007166164,1.0,46.19563824437643,False,False
2018-05-12 14:00:00,0.48360809796106585,0.0,0.856091692089542,0.29229225696519034,1.0,52.63984094031596,False,False
2018-05-12 15:00:00,0.23109175041345625,0.05002441267504596,1.0,0.0,0.753631275883809,40.69494877944623,False,False
2018-05-12 16:00:00,0.2569969047569931,0.009549192625692229,0.504238789934856,0.0,1.0,35.41569774635083,False,False
2018-05-12 17:00:00,0.26741716996971404,0.17615192997405021,0.35768114651613375,0.0,1.0,36.02500492919796,False,False
2018-05-12 18:00:00,0.31732731620161775,0.0,0.3142577307456769,0.1682679532501576,1.0,35.997060003949045,False,False
2018-05-12 19:00:00,0.5029335866555453,0.0,0.09182467977337862,0.397717402038131,1.0,39.849513369341096,False,False
2018-05-12 20:00:00,0.3867808041851365,0.0,0.5425647105232052,0.3800229109109078,1.0,46.187368512384985,False,False
2018-05-12 21:00:00,0.4842555149151085,0.0,0.1727048007867944,0.34320438287741445,1.0,40.003293971586345,False,False
2018-05-12 22:00:00,0.5827574691698356,0.20179620082584698,0.0,0.48449487456435186,1.0,45.38097089120068,False,False
2018-05-12 23:00:00,0.4321863282523063,1.0,0.0,0.6100058306736025,0.7484629266668399,55.81310171185498,False,False
2018-05-13 00:00:00,0.28254521714895836,1.0,0.0,0.8119525766945682,0.6812077936076176,55.514111749022874,False,False
2018-05-13 00:00:00,0.28254521714895836,1.0,0.0,0.8119525766945682,0.5417979634022565,52.72591514491566,False,False
2018-05-13 01:00:00,0.13082688868703174,1.0,0.5933149427148715,0.6385557029524758,0.0,47.25395068708759,False,False
2018-05-13 02:00:00,0.07566855151282492,0.3650138404914806,0.7844205139694134,1.0,0.0,44.50205811947438,False,False
2018-05-13 03:00:00,0.1158312531329015,0.7326552196825747,0.41521637367196074,1.0,0.0,45.27405692974874,False,False
2018-05-13 04:00:00,0.0,1.0,0.4742319332037453,0.65401500813248,0.02654277816468293,43.09579439001816,False,False
2018-05-13 05:00:00,0.03972657551720468,0.6274722420580728,1.0,0.8716914375386082,0.0,50.77780510227772,False,False
2018-05-13 06:00:00,0.17549534091389052,0.9213878938400064,1.0,0.7847267502252525,0.0,57.63219969958298,False,False
2018-05-13 07:00:00,0.21897437240656792,1.0,0.6558587989485419,0.4138852821687527,0.0,45.774369070477256,False,False
2018-05-13 08:00:00,0.4381161156430017,1.0,0.9883934103819371,0.5210086709634291,0.0,58.95036393976736,False,False
2018-05-13 09:00:00,0.3869637586258649,1.0,0.11990251877359007,0.25570036734165497,0.0,35.2513328948222,False,False
2018-05-13 10:00:00,0.5538490976124443,1.0,0.0,0.22954248684078352,0.11928912011573485,38.05361409137926,False,False
2018-05-13 11:00:00,0.7917228918025869,1.0,0.0,0.2447920916332625,0.19540506414622014,44.63840095164139,False,False
2018-05-13 12:00:00,0.9630617765203653,1.0,0.02557413915706304,0.3433088199300828,0.0,46.63889471215022,False,False
2018-05-13 13:00:00,1.0,0.7682230982711776,0.05805156967825981,0.3097833626454036,0.0,42.72116061189683,False,False
2018-05-13 14:00:00,1.0,0.8624989841200792,0.0,0.16111325139459834,0.05664671764278408,41.60517906314924,False,False
2018-05-13 15:00:00,1.0,0.7515750802363506,0.06333275672508247,0.227975667123248,0.0,40.85767008169362,False,False
2018-05-13 16:00:00,1.0,0.8530512775627648,0.0,0.15006426233281495,0.018284673037260737,40.4280042586568,False,False
2018-05-13 17:00:00,1.0,0.7645579737215357,0.10120420199902253,0.20490774473443193,0.0,41.4133984090998,False,False
2018-05-13 18:00:00,1.0,0.6447255742808978,0.39347323591397293,0.19952751954502776,0.0,44.754526594797966,False,False
2018-05-13 19:00:00,1.0,0.6019673020640443,0.5070657926626286,0.08831822981435228,0.0,43.9470264908205,False,False
2018-05-13 20:00:00,1.0,0.6519968789350721,0.5448871043029807,0.0,0.33149626748331373,50.56760501442733,False,False
2018-05-13 21:00:00,1.0,0.7525737430812379,0.15392133980188255,0.0,0.9441339983238733,57.01258162413987,False,False
2018-05-13 22:00:00,1.0,0.8248971721517709,0.22826800302451505,0.0,0.9467622152765734,59.9985478090572,False,False
2018-05-13 23:00:00,1.0,0.6509553125901857,0.14623905009331847,0.0,0.8945066323389664,53.83401990044941,False,False
2018-05-14 00:00:00,1.0,0.46979826244193884,0.05534739751717979,0.0,0.7385451731109671,45.27381666140172,False,False
2018-05-14 01:00:00,1.0,0.6561180766170855,0.15054791983141141,0.0,0.41809692777289625,44.49525848442787,False,False
2018-05-14 02:00:00,1.0,0.4903139033231913,0.09857528239490483,0.0,0.9586953477069953,50.951690668501826,False,False
2018-05-14 03:00:00,0.866048611687627,0.0,0.1767238092449116,0.22143133333060847,1.0,45.28407508526294,False,False
2018-05-14 04:00:00,0.7430020966998572,0.0,0.24135860289882177,0.23406842385807036,1.0,44.368582469134985,False,False
2018-05-14 05:00:00,0.8631065450979356,0.0,0.21475019958271588,0.3249778306294115,1.0,48.05669150620126,False,False
2018-05-14 06:00:00,1.0,0.0,0.334982041389265,0.5285978617008226,0.6673581086756112,50.61876023531398,False,False
2018-05-14 07:00:00,0.9045473169113,0.154201294905599,0.0,0.4517167460456219,1.0,50.209307157250414,False,False
2018-05-14 08:00:00,1.0,0.0,0.08822690693039106,0.627984182121593,0.7190303506845505,48.704828794730695,False,False
2018-05-14 09:00:00,1.0,0.034143279409182846,0.0,0.7047279488853635,0.14012574474750852,37.579939460841096,False,False
2018-05-14 10:00:00,1.0,0.0,0.0603374998433186,0.8031513667893945,0.885579279353017,54.981362919714606,False,False
2018-05-14 11:00:00,1.0,0.23618413963133708,0.0,0.5409437189891921,0.2599307078156021,40.74117132872262,False,False
2018-05-14 12:00:00,1.0,0.0,0.7027137341548225,0.7063718213195584,0.5690134688903541,59.5619804872947,False,False
2018-05-14 13:00:00,0.7426143123877751,0.0,0.910278882803508,0.685476249718252,1.0,66.7673888981907,False,True
2018-05-14 14:00:00,0.14206121107481146,0.6439228962734964,1.0,0.0,0.4057896482771839,43.83547511250983,False,False
2018-05-14 15:00:00,0.12549321258669857,0.5922929535618378,1.0,0.0,0.06553439468001611,35.66641121657105,False,False
2018-05-14 16:00:00,0.3005414827738998,0.764604361413196,1.0,0.0,0.21091988909150836,45.521314665572085,False,False
2018-05-14 17:00:00,0.37454476077039806,0.654222149032735,1.0,0.0,0.031804617490263226,41.21143054586793,False,False
2018-05-14 18:00:00,0.5965985743257181,1.0,0.9590380439786235,0.0,0.17803532175069983,54.67343880110083,False,False
2018-05-14 19:00:00,0.7409282355167353,1.0,0.6107765650540697,0.0,0.3613060386934764,54.26021678528563,False,False
2018-05-14 20:00:00,0.37431395409997087,0.4239836196791574,0.2328466042878651,0.0,1.0,40.62288356133987,False,False
2018-05-14 21:00:00,0.6079349811239598,0.7876284715749345,0.22599777655430928,0.0,1.0,52.43122458506407,False,False
2018-05-14 22:00:00,0.9838645001919704,0.5370464501878255,0.0,0.08890169388127628,1.0,52.19625288522145,False,False
2018-05-14 23:00:00,1.0,0.5327582826783217,0.0,0.2044407393746213,0.5685795615245023,46.115571671548906,False,False
2018-05-15 00:00:00,1.0,0.7221344386936348,0.0,0.3291148538040695,0.00548727165276378,41.134731283009366,False,False
2018-05-15 01:00:00,1.0,0.6013728247120934,0.0,0.3752986265339024,0.041109216739495164,40.35561335970982,False,False
2018-05-15 02:00:00,1.0,0.6793537987560112,0.0,0.3441660015093893,0.058140397424882605,41.63320395380566,False,False
2018-05-15 03:00:00,1.0,0.7292348102759608,0.20197880178792735,0.3017856228081626,0.0,44.659984697441026,False,False
2018-05-15 04:00:00,1.0,0.7874921839999237,0.0,0.3226958346634441,0.12001062203703802,44.60397281400812,False,False
2018-05-15 05:00:00,1.0,0.7151849235220554,0.10070831010255268,0.47283098619955083,0.0,45.77448439648318,False,False
2018-05-15 06:00:00,1.0,0.8090493937974071,0.0,0.3145930160669717,0.31148412416599486,48.70253068060747,False,False
2018-05-15 07:00:00,1.0,0.6403517736102065,0.0,0.06290414439299889,0.0825916675514568,35.716951711093245,False,False
2018-05-15 08:00:00,1.0,0.475983039580584,0.09489267313488026,0.13160011668273064,0.0,34.04951658796389,False,False
2018-05-15 09:00:00,1.0,0.4409217197341719,0.09594942600254934,0.0,0.439513229738885,39.52768750951213,False,False
2018-05-15 10:00:00,1.0,0.357790134951318,0.0,0.02078218986886493,0.11627733676062611,29.896993231616175,True,False
2018-05-15 11:00:00,1.0,0.7828268440740487,0.0,0.366838823033711,0.322146456024897,49.436242462653134,False,False
2018-05-15 12:00:00,1.0,0.5255692145291209,0.3751277593418857,0.0,0.014156573221314297,38.297070941846414,False,False
2018-05-15 13:00:00,1.0,0.6051785480360595,0.673359836415091,0.15336118621723038,0.0,48.63799141336762,False,False
2018-05-15 14:00:00,1.0,0.5058215653826998,0.528137830295335,0.37981032745575244,0.0,48.275394462675735,False,False
2018-05-15 15:00:00,1.0,0.0,0.1204702160240453,0.5015769252784392,0.285041207473593,38.14176697552155,False,False
2018-05-15 16:00:00,1.0,0.07362115667720691,0.0,0.4125523902537482,0.5500120472359958,40.72371188333902,False,False
2018-05-15 17:00:00,1.0,0.0,0.12270755897360577,0.678693934093037,0.8753662473672221,53.535354808677305,False,False
2018-05-15 18:00:00,1.0,0.12340568434712468,0.0,0.6949200918171841,0.44065439436281034,45.179603410542384,False,False
2018-05-15 19:00:00,1.0,0.003739886340005454,0.33046667190232915,0.9538516881195521,0.0,45.761164927237736,False,False
2018-05-15 20:00:00,0.8808915094210812,0.0,0.3120571002833935,1.0,0.5433382171116314,54.725736536322124,False,False
2018-05-15 21:00:00,0.34557324308721077,0.0,0.23711935452674135,0.45514155309905135,1.0,40.75668301426007,False,False
2018-05-15 22:00:00,0.6045823474756012,0.0,0.6970134582150112,0.8882080242378536,1.0,63.796076598569314,False,True
2018-05-15 23:00:00,0.462059086634316,0.0,1.0,0.8536728490530784,0.3070355119830002,52.455348953407885,False,False
2018-05-16 00:00:00,0.1241920785661692,0.0,1.0,0.5038639894121363,0.12972016195613179,35.15552459868875,False,False
2018-05-16 01:00:00,0.0,1.0,0.2861241461996974,0.7096676460353809,0.4650626877481265,49.21708959966409,False,False
2018-05-16 02:00:00,0.0,0.6369933965412982,1.0,0.1423042465864931,0.7334885014499682,50.25572289155519,False,False
2018-05-16 03:00:00,0.28856208591825305,1.0,0.0,0.3059456680771634,0.9525889942319535,50.9419349645474,False,False
2018-05-16 04:00:00,0.5759103818746306,1.0,0.0,0.46618707883370064,0.6814150645699396,54.47025050556541,False,False
2018-05-16 05:00:00,0.6800401533337543,1.0,0.0,0.4118456851446029,0.5761973932332468,53.361664634232085,False,False
2018-05-16 06:00:00,0.9613656322525782,1.0,0.0,0.39530662556239654,0.0536375679542214,48.20619651538392,False,False
2018-05-16 07:00:00,1.0,0.8096916904785664,0.0,0.4395028377735436,0.4847870929907795,54.679632424857786,False,False
2018-05-16 08:00:00,1.0,0.7339294495733745,0.0,0.34772082316531616,0.5047824117461124,51.72865368969606,False,False
2018-05-16 09:00:00,1.0,0.6765617923966153,0.0,0.3619982109437959,0.5426354919628482,51.6239099060652,False,False
2018-05-16 10:00:00,1.0,0.14765276426722707,0.0,0.30810725185445587,0.3111215914794656,35.33763215202298,False,False
2018-05-16 11:00:00,1.0,0.0,0.1812091031852222,0.28739646005767694,0.47789550684260845,38.93002140171015,False,False
2018-05-16 12:00:00,1.0,0.0,0.7325871902659311,0.18149158504004465,0.4346179416688815,46.97393433949714,False,False
2018-05-16 13:00:00,1.0,0.7283959901948849,0.0,0.31928261417776227,0.07061883881838661,42.365948863820684,False,False
2018-05-16 14:00:00,1.0,0.632642985385697,0.02122327550807618,0.18975897901695954,0.0,36.872504798214656,False,False
2018-05-16 15:00:00,1.0,0.0,0.7836740186113971,0.3922317314691151,0.5753348517695471,55.02481203700118,False,False
2018-05-16 16:00:00,1.0,0.09933109282915593,0.9238807058250499,0.0,0.12053213751566076,42.87487872339734,False,False
2018-05-16 17:00:00,1.0,0.0,0.8465469595066396,0.1983617281105865,0.3363470311106073,47.62511437455667,False,False
2018-05-16 18:00:00,1.0,0.0,0.4398037187582943,0.2727249896606444,0.5938890911521034,46.12835599142085,False,False
2018-05-16 19:00:00,1.0,0.0,0.17347027974461923,0.18677770324363582,0.23030645579885545,31.811088775742206,False,False
2018-05-16 20:00:00,1.0,0.5008613039149828,0.0,0.3865037280516401,0.09632214733741092,39.673743586080676,False,False
2018-05-16 21:00:00,1.0,0.0,0.3884342582451331,0.07613369259826794,0.331169362206899,35.914746261005995,False,False
2018-05-16 22:00:00,1.0,0.0,0.7896086528398092,0.41001757481144585,0.2628008117746629,49.248540788518355,False,False
2018-05-16 23:00:00,0.6739319291607619,0.0,1.0,0.3217862036573426,0.0010304727801422893,39.93497211196494,False,False
2018-05-17 00:00:00,0.5213574957891538,0.005552983652914943,1.0,0.41565703173462015,0.0,38.85135022353378,False,False
2018-05-17 01:00:00,0.52798233597771,0.0,1.0,0.4026383255962433,0.4257574367451309,47.127561966381684,False,False
2018-05-17 02:00:00,0.9703559373929428,0.0,1.0,0.4790649422851189,0.5874579792407871,60.73757717837698,False,True
2018-05-17 03:00:00,0.3550580491773952,0.09130926838609922,1.0,0.26186027321846,0.0,34.164551815639086,False,False
2018-05-17 04:00:00,0.4727414821476176,0.0,1.0,0.3545826256065133,0.2222737493492423,40.991957142067456,False,False
2018-05-17 05:00:00,0.44855985526870595,0.0,1.0,0.6757019980903504,0.7960953713808202,58.407144494797535,False,False
2018-05-17 06:00:00,0.26723437463051597,0.0,1.0,0.5208352502676061,0.8879088483727694,53.519569465417824,False,False
2018-05-17 07:00:00,0.35376480662636134,0.0,0.9869713931035395,0.6328115516269363,1.0,59.47095502713674,False,False
2018-05-17 08:00:00,0.09319469898596083,0.0,0.27170637875831155,0.6754402020523511,1.0,40.806825595932466,False,False
2018-05-17 09:00:00,0.18687365117659002,0.0,0.2643104526554935,0.3764824365977569,1.0,36.553330808596805,False,False
2018-05-17 10:00:00,0.18885355419008756,0.0,0.38799516771788506,0.5101224217237127,1.0,41.73942287263371,False,False
2018-05-17 11:00:00,0.2064730260370628,0.0,0.4241760170351211,0.5677442767950892,1.0,43.96786639734545,False,False
2018-05-17 12:00:00,0.06636086243724211,0.0,0.5215339568068553,0.5673942714768128,1.0,43.1057818144182,False,False
2018-05-17 13:00:00,0.09693988864840565,0.0,0.7274109376901161,0.6799983102709125,1.0,50.08698273218869,False,False
2018-05-17 14:00:00,0.0,0.13767042813370958,0.758655379985671,0.6858066095340131,1.0,51.64264835306788,False,False
2018-05-17 15:00:00,0.0,0.12703210864945125,0.9192170748699501,1.0,0.9447515366508649,59.82001440340532,False,False
2018-05-17 16:00:00,0.0,0.09058545406896279,1.0,0.6082004811432347,0.5577684695675036,45.131088095594016,False,False
2018-05-17 17:00:00,0.0,0.031266213708950746,1.0,0.49670031344105575,0.3878249400911829,38.31582934482379,False,False
2018-05-17 18:00:00,0.0,0.22413018526507103,1.0,0.7073197809833943,0.20227174809331777,42.67443428683566,False,False
2018-05-17 19:00:00,0.0,1.0,0.6026465046111518,0.5862460826038808,0.5215656638817857,54.209165021936364,False,False
2018-05-17 20:00:00,0.0,0.5453799221912518,0.1445494128023109,0.8304005609522174,1.0,50.406597918915594,False,False
2018-05-17 21:00:00,0.0,0.28098625846239045,0.10601523580865946,0.3004501161624993,1.0,33.74903220867099,False,False
2018-05-17 22:00:00,0.0,0.7475677250963487,0.4215828931443372,0.143581929242112,1.0,46.254650949655954,False,False
2018-05-17 23:00:00,0.2940246395204558,1.0,0.0,0.16677767796478427,0.7295811398673802,43.80766914705241,False,False
2018-05-18 00:00:00,0.6023217378763488,1.0,0.0,0.2830063981015253,0.9806085507648054,57.31873373485359,False,False
2018-05-18 01:00:00,0.7929864043663348,1.0,0.0,0.10061951876899937,0.792707449388727,53.726267450481224,False,False
2018-05-18 02:00:00,1.0,0.8286182913395889,0.0,0.21091585230409532,0.7521721999199861,55.834126871273405,False,False
2018-05-18 03:00:00,1.0,0.7397445869792343,0.0,0.16059180446845917,0.4364628554953838,46.73598493886154,False,False
2018-05-18 04:00:00,1.0,0.5990904251007269,0.0,0.20764756658233935,0.33178523531738585,42.770464540009044,False,False
2018-05-18 05:00:00,1.0,0.6457932300371323,0.0,0.24291823486088035,0.00015714477001461063,37.77737219336054,False,False
2018-05-18 06:00:00,1.0,0.6164802084394773,0.20435332981391874,0.2674962081116144,0.0,41.76659492730021,False,False
2018-05-18 07:00:00,1.0,0.3370212402879515,0.0,0.30395757876464713,0.07217854076775175,34.263147196407004,False,False
2018-05-18 08:00:00,1.0,0.220847654654511,0.0,0.25892066403814007,0.34112168421311634,36.417800058115354,False,False
2018-05-18 09:00:00,1.0,0.0,0.20309604997360925,0.17947839886059017,0.42265524710519964,36.104593918787984,False,False
2018-05-18 10:00:00,1.0,0.059195830947837993,0.0,0.2792904972982329,0.4001663616146192,34.7730537972138,False,False
2018-05-18 11:00:00,1.0,0.2097276208400718,0.0,0.1856244050583201,0.17822911078250278,31.471622733617888,False,False
2018-05-18 12:00:00,1.0,0.02855080289054027,0.23513488473437147,0.0551367531877412,0.0,26.376448816253063,True,False
2018-05-18 13:00:00,1.0,0.042815225964201654,0.0,0.24778066059283924,0.2989001751344697,31.78992123383021,False,False
2018-05-18 14:00:00,1.0,0.6231290730999711,0.0,0.4579651078667827,0.18205787595184855,45.26304113837205,False,False
2018-05-18 15:00:00,1.0,0.2926778621984527,0.0,0.4446852502810477,0.34498923342627363,41.647046918115485,False,False
2018-05-18 16:00:00,1.0,0.0,0.3567326333515258,0.6327488230109932,0.8982701380282347,57.75503188781508,False,False
2018-05-18 17:00:00,1.0,0.0,0.8655839362460239,0.6687078173253561,0.8291235750153416,67.26830657173444,False,True
2018-05-18 18:00:00,0.6116426546675847,0.0,1.0,0.6950070890695863,0.9029471540474997,64.19193795569342,False,True
2018-05-18 19:00:00,0.406115450931001,0.9571122547041323,1.0,0.994085648981122,0.0,67.14626709232509,False,True
2018-05-18 20:00:00,0.0,1.0,0.5529320143183306,0.7581903308738125,0.05588058546222138,47.3400586130873,False,False
2018-05-18 21:00:00,0.0,1.0,0.24041575764779524,0.45125626955848913,0.01388155936107393,34.11107173134717,False,False
2018-05-18 22:00:00,0.3295753356585119,1.0,0.12031877628212526,0.5971019710073565,0.0,40.93992165895987,False,False
2018-05-18 23:00:00,0.7224482605384329,1.0,0.0,0.8124669725631437,0.14628932801493447,53.62409122233023,False,False
2018-05-19 00:00:00,0.7774997997742878,1.0,0.0,0.818761316482466,0.6519053489212076,64.96332930355922,False,True
2018-05-19 01:00:00,1.0,0.7427209703615639,0.0,0.49353619077376937,0.8212657736261644,61.15045869522995,False,True
2018-05-19 02:00:00,1.0,0.7716549747865097,0.0,0.46589462782491087,0.8003010246122548,60.75701254447351,False,True
2018-05-19 03:00:00,1.0,0.8764870209469083,0.0,0.4953338350248013,0.5700721937260923,58.837860993956035,False,False
2018-05-19 04:00:00,1.0,0.8154155330182292,0.3127758699795638,0.023282132444363196,0.0,43.02947070884312,False,False
2018-05-19 05:00:00,1.0,0.6085001569608018,0.4966888796687998,0.07250902238115124,0.0,43.55396118021506,False,False
2018-05-19 06:00:00,1.0,0.6809632618819423,0.6699762220399452,0.0,0.6242336897353259,59.50346347314428,False,False
2018-05-19 07:00:00,1.0,0.3949553822108183,0.0,0.1180625145546321,0.7556410492429538,45.37317892016809,False,False
2018-05-19 08:00:00,1.0,0.2138781224215777,0.0,0.0926643660650802,0.7428269945469667,40.98738966067249,False,False
2018-05-19 09:00:00,0.9803697764391377,0.5682855879137572,0.0,0.29190115015110313,1.0,56.81113029007996,False,False
2018-05-19 10:00:00,0.8931036234904276,0.614690928001478,0.0,0.2771710249982869,1.0,55.69931152980384,False,False
2018-05-19 11:00:00,0.8609013034236128,0.5215760712664883,0.0,0.15621964128564125,1.0,50.77394031951486,False,False
2018-05-19 12:00:00,0.935030358091262,1.0,0.026129480794653024,0.0,0.6606693796111048,52.4365843699404,False,False
2018-05-19 13:00:00,1.0,0.8407706128671018,0.0,0.042880444690318806,0.5571663737297811,48.816348625744034,False,False
2018-05-19 14:00:00,1.0,0.7967538952708386,0.0,0.246756475435301,0.4913209104650945,50.69662562342467,False,False
2018-05-19 15:00:00,1.0,0.6343679078147705,0.0,0.15704200055319403,0.47145108217943227,45.25721981094794,False,False
2018-05-19 16:00:00,1.0,0.7050121739824784,0.0,0.3641072379030353,0.6507727647515387,54.39784353274104,False,False
2018-05-19 17:00:00,1.0,0.6804868330285986,0.0,0.2936328325572871,0.6409451635705686,52.30129658312909,False,False
2018-05-19 18:00:00,1.0,0.6208135039197544,0.006678659482324978,0.0,0.3059274382120648,38.66839203228288,False,False
2018-05-19 19:00:00,1.0,0.5260241627363861,0.15714289665308329,0.0,0.2709006497980137,39.08135418374966,False,False
2018-05-19 20:00:00,1.0,0.5562330217011532,0.4321098698673929,0.0813408221463187,0.0,41.39367427429729,False,False
2018-05-19 21:00:00,1.0,0.469027887703611,0.01421756285036221,0.4139349711894287,0.0,37.94360843486804,False,False
2018-05-19 22:00:00,1.0,0.36123988229246046,0.16744286946263398,0.4238597627642338,0.0,39.05085029038656,False,False
2018-05-19 23:00:00,1.0,0.3081938672343976,0.29865603348696684,0.29778717868113574,0.0,38.092741588049996,False,False
2018-05-20 00:00:00,1.0,0.2527760588157239,0.0,0.5335330975654603,0.16042026332912873,38.93458839420626,False,False
2018-05-20 00:00:00,1.0,0.2527760588157239,0.0,0.5335330975654603,0.9516673002407915,54.75952913243951,False,False
2018-05-20 01:00:00,1.0,0.0,0.2229824798630713,0.1445279842941254,0.786805485496555,43.08631899307503,False,False
2018-05-20 02:00:00,1.0,0.5914962700282478,0.0,0.4472519249415401,0.850078343700449,57.77653077340473,False,False
2018-05-20 03:00:00,1.0,0.9059185743580804,0.0,0.5202400107667633,0.9635551685000535,67.79427507249794,False,True
2018-05-20 04:00:00,1.0,0.6681496157477965,0.0,0.4180867615834339,0.9366742641416185,60.45821282945697,False,True
2018-05-20 05:00:00,1.0,0.39232790471495127,0.1342772705240657,0.0,0.34851211098464874,37.502345724473315,False,False
2018-05-20 06:00:00,1.0,0.4951791481104372,0.3307250002863959,0.0,0.4204995047417995,44.92807306277265,False,False
2018-05-20 07:00:00,0.5038487537686632,0.2870797032118983,1.0,0.0,0.5463553150372293,46.74567544035582,False,False
2018-05-20 08:00:00,0.6536517280729942,0.7828952244325401,1.0,0.0,0.323070606770383,55.19235118551835,False,False
2018-05-20 09:00:00,0.522585867399534,0.7072916210341023,0.41187409484047083,0.0,1.0,52.83503166548215,False,False
2018-05-20 10:00:00,0.6161089425358905,1.0,0.0,0.3446263528977824,0.6591222760865677,52.39715143040481,False,False
2018-05-20 11:00:00,0.6872387585939099,1.0,0.0,0.3444585383579747,0.8513147227249264,57.66024039353622,False,False
2018-05-20 12:00:00,0.874812335346982,1.0,0.0,0.1281458134175432,0.7712400871722139,55.48396471873478,False,False
2018-05-20 13:00:00,0.6702879999068315,1.0,0.0,0.2472086823317166,0.43217072873481877,46.99334821946734,False,False
2018-05-20 14:00:00,0.6734418700767005,1.0,0.0,0.23170277714516482,0.6221390799982863,50.54567454440303,False,False
2018-05-20 15:00:00,0.6126533408675985,1.0,0.0,0.3020061848452608,0.37135188940121333,45.72022830228145,False,False
2018-05-20 16:00:00,0.38411344559178706,1.0,0.7373086041422158,0.09290569799772706,0.0,44.2865549546346,False,False
2018-05-20 17:00:00,0.40938306124705637,1.0,0.6196296873920374,0.0,0.011584716998033847,40.81194931274255,False,False
2018-05-20 18:00:00,0.6341805009543385,1.0,0.6774245855817342,0.17740188667520743,0.0,49.780139464225606,False,False
2018-05-20 19:00:00,0.8166202988234161,1.0,0.8336302887368101,0.2671390613081002,0.0,58.34779297736652,False,False
2018-05-20 20:00:00,0.7499563150373543,1.0,0.311104886015757,0.0,0.08432743327583529,42.90777268657892,False,False
2018-05-20 21:00:00,0.8423234292651115,1.0,0.0,0.11476221873675727,0.6208033274484898,51.557779509007176,False,False
2018-05-20 22:00:00,1.0,0.94094245664404,0.23265469204342534,0.0,0.2961010582629338,49.393964139007984,False,False
2018-05-20 23:00:00,1.0,0.9136850300453945,0.0,0.30213804037251346,0.5050514077234987,54.41748956282814,False,False
2018-05-21 00:00:00,1.0,0.7899904169694569,0.1767135294415025,0.3324719325476471,0.0,45.98351757917214,False,False
2018-05-21 01:00:00,1.0,0.6737792543743559,0.3350121700708751,0.15272498400761386,0.0,43.23032816905689,False,False
2018-05-21 02:00:00,1.0,0.5933605833090101,0.8817898151558416,0.10834012976987577,0.0,51.66981056469455,False,False
2018-05-21 03:00:00,1.0,0.6762827855887673,0.9957771508163284,0.0,0.5118679713449551,63.67855815500102,False,True
2018-05-21 04:00:00,1.0,0.6422365525027782,0.6799907454545352,0.0,0.6758307192806848,59.96116034475995,False,False
2018-05-21 05:00:00,1.0,0.5771555552027784,0.3254951963086107,0.0,0.5094775898347649,48.24256682692308,False,False
2018-05-21 06:00:00,1.0,0.48528398289318,0.9977716162853099,0.0,0.08680011947384933,51.39711437304679,False,False
2018-05-21 07:00:00,1.0,0.8850155564408548,0.0,0.3221010599525358,0.8649326364871707,61.44098505761122,False,True
2018-05-21 08:00:00,1.0,0.6309599216509145,0.0,0.3339716868012547,0.7081653059981976,53.461938289007335,False,False
2018-05-21 09:00:00,1.0,0.5746285498309256,0.15779320993908963,0.27161002804562917,0.0,40.080635756312894,False,False
2018-05-21 10:00:00,1.0,0.40652672576809257,0.30251601564504615,0.29484201064355375,0.0,40.07769504113385,False,False
2018-05-21 11:00:00,1.0,0.42952857082285517,0.30824187148445503,0.531077342670737,0.0,45.37695569956094,False,False
2018-05-21 12:00:00,1.0,0.5215613753562437,0.3475946348210824,0.36126925048025693,0.0,44.60850521315166,False,False
2018-05-21 13:00:00,1.0,0.46568225473124436,0.07414083308522154,0.5476941460215703,0.0,41.75034467676072,False,False
2018-05-21 14:00:00,1.0,0.0,0.6121646472106741,0.5378282936749144,0.1172205902872085,45.344270623455934,False,False
2018-05-21 15:00:00,1.0,0.0,0.3229903538379999,0.7022052963857646,0.27884253438595813,46.08076369219446,False,False
2018-05-21 16:00:00,1.0,0.0,0.24986272837992932,0.73626181824728,0.523734125934538,50.197173451234946,False,False
2018-05-21 17:00:00,1.0,0.0,0.36990161118414233,0.7283607379696732,0.9617775136062438,61.20079725520119,False,True
2018-05-21 18:00:00,0.5269297044697213,0.0,0.17728919529797604,0.6378695425045462,1.0,46.841768845444875,False,False
2018-05-21 19:00:00,0.3450547220412515,0.14912990265810705,0.0,0.4277917971546527,1.0,38.43952843708022,False,False
2018-05-21 20:00:00,0.19738602850310683,0.0,0.03660067733836263,0.316474898359012,1.0,31.009232084009632,False,False
2018-05-21 21:00:00,0.16770182783495222,0.0,0.004282370226291933,0.2378545841888985,1.0,28.19677564500285,True,False
2018-05-21 22:00:00,0.15514025418660976,0.17543159097455813,0.0,0.3170116527551352,1.0,32.951669958326065,False,False
2018-05-21 23:00:00,0.18039442243408246,0.04218665962461813,0.0,0.3712940550198811,1.0,31.877502741571632,False,False
2018-05-22 00:00:00,0.0,0.20406337648021422,0.043014002470241584,0.9683157736089641,1.0,44.3078630511884,False,False
2018-05-22 01:00:00,0.0,1.0,0.943252334882433,0.6592377463008946,0.5423302118790136,62.896405861246826,False,True
2018-05-22 02:00:00,0.0,1.0,0.7368156327759668,0.36252078100183893,0.4048914735300137,50.08455774615639,False,False
2018-05-22 03:00:00,0.0,1.0,0.5384546862342174,0.29017802693735095,0.5100258709801333,46.773171683034036,False,False
2018-05-22 04:00:00,0.0,1.0,0.025192475016355582,0.059317089151359415,0.688110701142866,35.452405306211624,False,False
2018-05-22 05:00:00,0.4115636468672398,1.0,0.0,0.2935420112082583,0.6419046274766913,46.940205711043795,False,False
2018-05-22 06:00:00,0.7790723463085105,1.0,0.23393897079187545,0.5101336979274954,0.0,50.462900300557635,False,False
2018-05-22 07:00:00,0.9363509765676414,1.0,0.0,0.3902549562476299,0.1707791967078766,49.94770259046296,False,False
2018-05-22 08:00:00,1.0,0.9889035237712597,0.5259274477771381,0.2920385106364843,0.0,56.13738964369765,False,False
2018-05-22 09:00:00,0.7640148154978047,1.0,0.0,0.23480915498205482,0.10188533457187408,42.01418610103468,False,False
2018-05-22 10:00:00,0.9151449571963618,1.0,0.0,0.04063556221119129,0.6256137224386854,51.62788483692478,False,False
2018-05-22 11:00:00,0.9513761959943247,1.0,0.14094655452383573,0.0,0.17083245309982462,45.2631040723597,False,False
2018-05-22 12:00:00,0.8934222623535069,1.0,0.0,0.058036055282329614,0.03877826695514069,39.80473169181954,False,False
2018-05-22 13:00:00,1.0,0.8816291072748568,0.054576520286330706,0.2596367515208272,0.0,43.91684758164029,False,False
2018-05-22 14:00:00,1.0,0.5835417969582875,0.25612076296616926,0.2202830579182803,0.0,41.19891235685474,False,False
2018-05-22 15:00:00,1.0,0.5672014410279347,0.07581942064025625,0.15857592285691316,0.0,36.03193569050208,False,False
2018-05-22 16:00:00,1.0,0.588064475941059,0.015280457737316068,0.3262558450505816,0.0,38.59201557457913,False,False
2018-05-22 17:00:00,1.0,0.6641133254569003,0.0,0.3352277920128342,0.35016168694032324,46.99005608820116,False,False
2018-05-22 18:00:00,1.0,0.7370817253431886,0.0,0.32529056894885044,0.8309016879015119,57.86547964387102,False,False
2018-05-22 19:00:00,1.0,0.7091196694058747,0.3519837310648225,0.0,0.5152498295042535,51.52706459949902,False,False
2018-05-22 20:00:00,0.770421370644907,0.49531463015026433,0.5979233271583799,0.0,1.0,57.273186559071036,False,False
2018-05-22 21:00:00,0.4080012756245816,0.47033936223213807,0.38475058650273075,0.0,1.0,45.261824487189,False,False
2018-05-22 22:00:00,0.4828572807707882,0.5332666261150527,0.26766058069927073,0.0,1.0,45.67568975170223,False,False
2018-05-22 23:00:00,0.6450765500013335,0.8160891953194657,0.19400958225289017,0.0,1.0,53.10350655147379,False,False
2018-05-23 00:00:00,0.9341717602802008,1.0,0.6185655514780827,0.0,0.6049168622099024,63.153083479363715,False,True
2018-05-23 01:00:00,0.6618049255632561,0.9036818947296421,1.0,0.0,0.8399187516652011,68.10811143916199,False,True
2018-05-23 02:00:00,0.7264193309683304,0.7999939186564399,1.0,0.0,0.5493802212583487,61.51586941766239,False,True
2018-05-23 03:00:00,0.6167929921505549,0.5218798095733604,1.0,0.0,0.34656512012192686,49.70475843691684,False,False
2018-05-23 04:00:00,0.8181561058363703,0.7825679606842427,1.0,0.0,0.5317802522453705,62.65008637531967,False,True
2018-05-23 05:00:00,0.8963438382309838,0.7127943254877827,1.0,0.0,0.6255596363755359,64.69395600188605,False,True
2018-05-23 06:00:00,1.0,0.752028841289979,0.6447635949265828,0.1625368948917486,0.0,51.18658662216621,False,False
2018-05-23 07:00:00,1.0,0.8821345803409925,0.22975856517162216,0.04213120462949237,0.0,43.08048700284214,False,False
2018-05-23 08:00:00,1.0,0.992572971830357,0.0,0.18728438428730923,0.7354528139526066,58.306203401405455,False,False
2018-05-23 09:00:00,1.0,0.9486640283633427,0.0,0.24036948362675242,0.5798201012195916,55.37707226419373,False,False
2018-05-23 10:00:00,1.0,0.6707895189143839,0.05204062666280367,0.0,0.4194395137734426,42.845393187012604,False,False
2018-05-23 11:00:00,1.0,0.8392205785470427,0.0,0.3293703422520574,0.40568138008793153,51.485446017740635,False,False
2018-05-23 12:00:00,1.0,0.7609828005179583,0.0,0.308571999225368,0.06925220775554915,42.776140149977515,False,False
2018-05-23 13:00:00,1.0,0.6377142059128105,0.1868454953911985,0.26926997364839167,0.0,41.876593499048006,False,False
2018-05-23 14:00:00,1.0,0.7400609583155666,0.13813757430263596,0.34758146361370557,0.0,44.51559992463817,False,False
2018-05-23 15:00:00,1.0,0.7843747714410272,0.0,0.3803093324186714,0.5058865262813613,53.411412602821194,False,False
2018-05-23 16:00:00,0.3517743257704067,0.5143385722264606,1.0,0.0,0.8714538221752862,54.751334403443074,False,False
2018-05-23 17:00:00,0.46401540032626704,0.7021176144297049,1.0,0.0,0.8971234090523191,61.26512847616582,False,True
2018-05-23 18:00:00,0.5612906371924001,0.7600842918878405,1.0,0.0,0.8330217882967601,63.087934347540006,False,True
2018-05-23 19:00:00,0.7678320811695556,0.8812922097758636,1.0,0.0,0.6385704049094939,65.75389391709827,False,True
2018-05-23 20:00:00,0.8175590899403503,0.7389984372389709,1.0,0.0,0.6460261360219166,64.05167326402476,False,True
2018-05-23 21:00:00,1.0,0.8666957353460408,0.7015644443485348,0.0,0.8469384451157308,68.30397249620613,False,True
2018-05-23 22:00:00,1.0,0.7052170310474459,0.6259236819407291,0.0,0.36588194269608304,53.94045311368516,False,False
2018-05-23 23:00:00,0.9731148628184071,1.0,0.7024604200641786,0.0,0.5156820320992715,63.82514629963716,False,True
2018-05-24 00:00:00,0.8948141317734147,0.6244306937259757,1.0,0.21231357765851402,0.0,54.631168063158086,False,False
2018-05-24 01:00:00,1.0,0.6394962887507716,0.9346910613794044,0.2850977502114563,0.0,57.18570200683264,False,False
2018-05-24 02:00:00,1.0,0.6510834510151227,0.3273659258173021,0.13870691096729137,0.0,42.34312575599432,False,False
2018-05-24 03:00:00,1.0,0.6171981628102099,0.0,0.3494869666553377,0.08757611766974635,41.08522494270588,False,False
2018-05-24 04:00:00,1.0,0.19828629463905756,0.31542297493645666,0.2380816391521264,0.0,35.035818174552816,False,False
2018-05-24 05:00:00,1.0,0.31330755273897903,0.3706216338304767,0.4939121308552879,0.0,43.55682634849487,False,False
2018-05-24 06:00:00,1.0,0.17433482588084065,0.06902530926553109,0.0,0.1696351730962215,28.259906164851866,True,False
2018-05-24 07:00:00,1.0,0.28484364822430996,0.020627805414704395,0.0,0.555977264024768,37.228974353275646,False,False
2018-05-24 08:00:00,0.38564128112877405,0.5725676787352094,1.0,0.0,0.06927158760098315,40.54961094929933,False,False
2018-05-24 09:00:00,0.5178674032253642,0.8519224831468103,1.0,0.0,0.1825224021445371,51.046245770334245,False,False
2018-05-24 10:00:00,0.7465954408818118,1.0,0.7100593421698332,0.0,0.19586978660645255,53.050491393161956,False,False
2018-05-24 11:00:00,0.7843622522004957,0.7828625859159352,1.0,0.0,0.037005788015017,52.08461252262896,False,False
2018-05-24 12:00:00,0.8983330598522192,1.0,0.6013490172942236,0.0,0.450845487676172,59.0105512964523,False,False
2018-05-24 13:00:00,0.5431886444139817,0.18991702786985706,1.0,0.09376766109921479,0.0,36.53746666766108,False,False
2018-05-24 14:00:00,0.7375957687385708,0.2690596146249827,1.0,0.09235352285726202,0.0,41.98017812441631,False,False
2018-05-24 15:00:00,1.0,0.2047214665457821,0.8885640093295775,0.0,0.2557890676409934,46.98149087032705,False,False
2018-05-24 16:00:00,1.0,0.0,0.7320672715856049,0.09538978192529304,0.3248929790448817,43.04700065111559,False,False
2018-05-24 17:00:00,1.0,0.4117354242743614,0.0,0.29187154087422457,0.5536191330565406,45.14452196410253,False,False
2018-05-24 18:00:00,1.0,0.0,0.7344619587325479,0.5369152234451605,0.4578575027099821,54.58469369775381,False,False
2018-05-24 19:00:00,0.6209557921099358,0.0,1.0,0.39622573477389544,0.2568395251410397,45.48042104049742,False,False
2018-05-24 20:00:00,1.0,0.1914876307542313,0.8947661752410827,0.7505757009358638,0.0,56.736590138623555,False,False
2018-05-24 21:00:00,1.0,0.3244293510091361,0.2831261457184043,0.46616467717716314,0.0,41.47440347809407,False,False
2018-05-24 22:00:00,0.7028706133370836,0.0,1.0,0.4454351008265765,0.17439829555164374,46.45408019430608,False,False
2018-05-24 23:00:00,0.21116390395906856,0.07286610409534892,1.0,0.32534802460160245,0.0,32.1875606531204,False,False
2018-05-25 00:00:00,0.2656350661347912,0.0,1.0,0.594864485360613,0.9455625377943198,56.121241785794474,False,False
2018-05-25 01:00:00,0.1388101614083404,0.0,0.4567541168605323,0.38133770966378394,1.0,39.538039758653134,False,False
2018-05-25 02:00:00,0.0,0.5037488124768735,0.6564652500431376,0.7139500370215158,1.0,57.483281990830534,False,False
2018-05-25 03:00:00,0.0,0.7255827238150105,0.7281871110985827,0.640278752862034,1.0,61.88097175551255,False,True
2018-05-25 04:00:00,0.0,0.6610894243467853,1.0,0.4657987823911755,0.9548431413248673,61.63462696125656,False,True
2018-05-25 05:00:00,0.0,0.49476674875189885,1.0,0.38185847356600544,0.7626755483942194,52.786015414242485,False,False
2018-05-25 06:00:00,0.0,0.46633709553828884,1.0,0.18792081709992794,0.8703160931977704,50.49148011671974,False,False
2018-05-25 07:00:00,0.005093764968738958,0.0,0.2593563210563243,0.4233642949651014,1.0,33.756287619803295,False,False
2018-05-25 08:00:00,0.11498558915162037,0.0,0.25456119267210825,0.3648982164642562,1.0,34.688899965759695,False,False
2018-05-25 09:00:00,0.3200533828966191,0.0,0.2895829193541866,0.446992010953096,1.0,41.13256626407804,False,False
2018-05-25 10:00:00,0.32429886510784856,0.0,0.12413839586739524,0.3222776677597644,1.0,35.41429857470016,False,False
2018-05-25 11:00:00,0.5145188299810429,0.07660927638437853,0.0,0.4724405869848737,1.0,41.2713738670059,False,False
2018-05-25 12:00:00,0.5801469757285282,0.4786139618790555,0.0,0.27699428255698344,1.0,46.71510440329135,False,False
2018-05-25 13:00:00,0.6958976748042497,0.48611607931542944,0.0,0.24039289484152657,1.0,48.44813297922411,False,False
2018-05-25 14:00:00,0.7854397847263933,0.4121288625506019,0.0,0.07433328400055142,1.0,45.438038625550924,False,False
2018-05-25 15:00:00,0.8409806649180132,0.2445808742726699,0.0,0.13528202154057506,1.0,44.41687121462516,False,False
2018-05-25 16:00:00,0.7781381553555364,0.214066625685941,1.0,0.0,0.5325279824448954,50.49465526972746,False,False
2018-05-25 17:00:00,0.866980822177542,0.0,1.0,0.08004418642784868,0.6760410589312037,52.46132135073188,False,False
2018-05-25 18:00:00,0.8033894585011317,0.0,1.0,0.17052213118294815,0.3817893510104075,47.11401881388974,False,False
2018-05-25 19:00:00,1.0,0.0,0.8114903374511601,0.35664317662091277,0.5737034321319859,54.83673892408116,False,False
2018-05-25 20:00:00,1.0,0.05731366341422303,0.5743854112191458,0.27452113949775786,0.0,38.12440428262253,False,False
2018-05-25 21:00:00,1.0,0.09434047836338974,0.7097086044996069,0.25621861913137406,0.0,41.20535403988742,False,False
2018-05-25 22:00:00,1.0,0.17711454485518283,0.8252989358312428,0.5464538968804703,0.0,50.977347551337914,False,False
2018-05-25 23:00:00,1.0,0.0,0.9134161422062677,0.26931450126270795,0.018556716603396296,44.02574720144744,False,False
2018-05-26 00:00:00,1.0,0.18098613724380774,0.037848848607845265,0.10511988122233148,0.0,26.47909734147969,True,False
2018-05-26 01:00:00,0.9421264172694155,0.34203072621219704,0.2950392568495792,0.0,1.0,51.583928006623836,False,False
2018-05-26 02:00:00,1.0,0.3986138757811778,0.4515047909853611,0.0,0.798532259081764,52.97301851696605,False,False
2018-05-26 03:00:00,1.0,0.44830984706358495,0.6556340120343681,0.0,0.8936967307119876,59.952811796198816,False,False
2018-05-26 04:00:00,1.0,0.10607002352521158,0.5518981457436838,0.0,0.5389208056969973,43.937779499317855,False,False
2018-05-26 05:00:00,1.0,0.1336895096933488,0.5888699798454372,0.0,0.06938960394210421,35.838981869617804,False,False
2018-05-26 06:00:00,0.8362552935323997,0.5858664408848872,0.5577774987285334,0.0,1.0,59.5979846629164,False,False
2018-05-26 07:00:00,0.45013126714837576,1.0,0.051063082799313535,0.0,0.6405379901308892,42.834646801571566,False,False
2018-05-26 08:00:00,0.5346825019228604,1.0,0.014019179315601926,0.0,0.7098683279388602,45.17140018354645,False,False
2018-05-26 09:00:00,0.6157697694906251,1.0,0.0,0.03814092374790938,0.7309662921949022,47.697539708668735,False,False
2018-05-26 10:00:00,0.8299701835347338,1.0,0.0,0.14517939438206023,0.8571293092259537,56.64557774285496,False,False
2018-05-26 11:00:00,0.813113784601606,1.0,0.0,0.14353253963722404,0.802064124970001,55.17420898417662,False,False
2018-05-26 12:00:00,1.0,0.913586752258075,0.0,0.1114691581067516,0.8103990626445915,56.70909946018836,False,False
2018-05-26 13:00:00,0.9717886438682019,1.0,0.0,0.1613152293195074,0.7170682912161104,57.003443288076404,False,False
2018-05-26 14:00:00,1.0,0.9839426488266985,0.0,0.2702639459570638,0.7614964662653976,60.31406122098319,False,True
2018-05-26 15:00:00,1.0,0.9217824746112709,0.18830027416513848,0.0,0.629870172066529,54.79905841685877,False,False
2018-05-26 16:00:00,1.0,0.8395953607420111,0.45831343345533154,0.0,0.5819855369240783,57.59788662242842,False,False
2018-05-26 17:00:00,1.0,0.8519508063472853,0.5885751152262829,0.0,0.5098421316030032,59.00736106353143,False,False
2018-05-26 18:00:00,1.0,0.9147804405430108,0.27096434055810426,0.0,0.8952660448094508,61.620216518211315,False,True
2018-05-26 19:00:00,1.0,0.7892184862504236,0.18539601172346085,0.0,0.6808589078789186,53.10946811705606,False,False
2018-05-26 20:00:00,1.0,0.6732398542972319,0.10541765624459097,0.0,0.7398942183949517,50.37103457873548,False,False
2018-05-26 21:00:00,1.0,0.8021431700383602,0.0,0.04117963667579491,0.06292205120570589,38.12489715839722,False,False
2018-05-26 22:00:00,0.8741826220014318,0.4302547502252318,1.0,0.2889276878866367,0.0,51.86730120226601,False,False
2018-05-26 23:00:00,0.5441627471100221,0.0,1.0,0.2590859020947929,0.18341362429474606,39.733245469991225,False,False
2018-05-27 00:00:00,0.8377505430341166,0.2213052291697033,1.0,0.41139312208700324,0.0,49.408977885816455,False,False
